source_key,planned_role,scope_class,owner_chat,status,pinned_revision,license_data_policy,access_egress_policy,derivation_family,root_artifacts,observed_game_version,coverage,decision_evidence
deadlock-api/deadlock-api,population_feed,required_family,13,metadata_and_openapi_observed,ba9f874e92324adca20cc46f90b7e96a6c148ed5,not_approved;code_license_is_not_data_license,public_schema_read_only;data_egress_not_approved,unverified,unverified,unverified,no_match_payload_or_runtime_test,UPSTREAM_PINS.json;API_CONTRACT_OBSERVATION.json;BEFUNDE.md#s13-b06
deadlock-api/deadlock-api-assets,current_state,required_family,13,unresolved_repo_404_and_legacy_host_dns_failure,,not_verified,not_approved,unverified,unverified,unverified,existing_assets_api_rs;new_api_routes_not_adapter_verified,UPSTREAM_PINS.json;API_CONTRACT_OBSERVATION.json;BEFUNDE.md#s13-b02
deadlock-wiki/deadlock-data,history_git,required_family,13,commit_metadata_observed,66d0832dc30148ca66984f3f4c4a4d340af6f7d0,not_approved;code_license_is_not_data_license,public_metadata_read_only;data_egress_not_approved,deadbot_generation;root_revision_unverified,game_files_from_generator;not_pinned,client_6698_commit_message_only,existing_deadlock_data_rs;no_history_import,UPSTREAM_PINS.json;BEFUNDE.md#s13-b05
deadlock-wiki/deadbot,derivation_reference,reference,13,readme_and_downstream_generator_hint_only,,not_verified,not_approved,deadbot_generation;not_independent_from_deadlock_data,game_files;not_pinned,unverified,generator_full_revision_unresolved;no_execution,UPSTREAM_PINS.json;https://github.com/deadlock-wiki/deadbot
SteamTracking/GameTracking-Deadlock,gamefile_schema_signal,required_family,13,indirect_generator_reference_only,,not_verified,not_approved,game_tracking_dump_source2;relationship_needs_exact_pins,game_files;not_pinned,unverified,no_direct_schema_snapshot_or_history_verified,BEFUNDE.md;https://github.com/SteamTracking/GameTracking-Deadlock
deadlock-api/openapi-clients,contract_reference,reference,13,public_repository_and_readme_observed,,not_verified,not_approved,deadlock_api_generated_clients;not_independent_api_evidence,openapi_schema;exact_client_generator_revision_unverified,unverified,reference_only;not_dependency_added,https://github.com/deadlock-api/openapi-clients
deadlock-api/haste,rust_replay_candidate,required_capability,14,public_repository_metadata_observed,,not_verified,not_approved,unverified,unverified,unverified,no_decoder_or_replay_capability_test;owner_14,https://github.com/deadlock-api/haste
ValveResourceFormat/SchemaExplorer,schema_signal,required_family,13,repository_ref_and_readme_observed,85db9308aef2013367ab44232ea672864ce5890e,not_approved;code_license_is_not_data_license,public_metadata_read_only;data_egress_not_approved,game_tracking_dump_source2;not_independent_gameplay_evidence,schemas_deadlock_json_candidate;blob_not_pinned,unverified,no_schema_payload_or_watcher_test,UPSTREAM_PINS.json;BEFUNDE.md
deadlock-api/valveprotos-rs,rust_proto_candidate,candidate,14,public_repository_metadata_observed,,not_verified,not_approved,unverified,unverified,unverified,no_proto_compatibility_test;owner_14,https://github.com/deadlock-api/valveprotos-rs
ValveResourceFormat/ValveResourceFormat,offline_reference,optional_reference,13,not_verified,,not_verified,not_approved,unverified,unverified,unverified,not_selected;no_required_foreign_runtime,https://github.com/ValveResourceFormat/ValveResourceFormat
saul/demofile-net,golden_reference_candidate,optional_tool,14,not_verified,,not_verified,not_approved,unverified,unverified,unverified,not_selected;owner_14;no_required_dotnet_runtime,https://github.com/saul/demofile-net
skadistats/clarity,golden_reference_candidate,optional_tool,14,not_verified,,not_verified,not_approved,unverified,unverified,unverified,not_selected;owner_14;no_required_jvm_runtime,https://github.com/skadistats/clarity
deadlock-api/deadlock-api-ingest,ingest_reference,reference,13/14,public_repository_metadata_observed,,not_verified,not_approved,unverified,unverified,unverified,reference_only;no_new_job_engine,https://github.com/deadlock-api/deadlock-api-ingest
0xThiagoAmaral/deadlock-open-assets,mapping_reference,optional_reference,13,not_verified,,not_verified,not_approved,unverified,unverified,unverified,not_selected;no_assets_copied,https://github.com/0xThiagoAmaral/deadlock-open-assets
Zehmosu/kv3parser,parser_reference,optional_reference,13,not_verified,,not_verified,not_approved,unverified,unverified,unverified,not_selected;no_required_foreign_runtime,https://github.com/Zehmosu/kv3parser
deadlock.wiki,wiki_facts_prose,required_family,12,existing_adapter_file_only,,not_verified,not_approved,unverified,unverified,unverified,wiki_rs_present;wiki_discovery_and_rights_owner_12,rust/crates/dbrain-sources/src/wiki.rs
official_patchnotes,declared_changes,required_family,13,existing_adapter_file_only,,not_verified,not_approved,unverified,unverified,unverified,patchnotes_db_rs_present;source_authenticity_and_revision_not_checked,rust/crates/dbrain-sources/src/patchnotes_db.rs;API_CONTRACT_OBSERVATION.json
developer_forum_posts,authoritative_context,inventory,13,existing_adapter_file_only,,not_verified,not_approved,unverified,unverified,unverified,forum_rs_present;author_authority_and_thread_revision_not_checked,rust/crates/dbrain-sources/src/forum.rs
google_sheet,stats_claims,inventory,13,existing_adapter_file_only,,not_verified,not_approved,unverified,unverified,unverified,google_sheet_rs_present;sheet_identity_permission_revision_unverified,rust/crates/dbrain-sources/src/google_sheet.rs
statlocker,population_secondary,inventory,13,existing_adapter_file_only,,not_verified,not_approved,unverified,unverified,unverified,statlocker_rs_present;cohort_and_lineage_unverified,rust/crates/dbrain-sources/src/statlocker.rs
reddit,community_hypotheses,inventory,13,existing_adapter_file_only,,not_verified,not_approved,unverified,unverified,unverified,reddit_rs_present;claims_not_canonical_facts,rust/crates/dbrain-sources/src/reddit.rs
deadlock.io,secondary_validator,optional_reference,13,not_verified,,not_verified,not_approved,unverified,unverified,unverified,not_selected;shared_upstream_must_not_count_as_independent,https://deadlock.io
EarlySalty/Deadlock-Docs,curated_docs_evals,required_if_present,01/09,not_verified_in_s13,,not_verified,not_approved,unverified,unverified,unverified,owner_01_09_inventory_required;not_omitted,https://github.com/EarlySalty/Deadlock-Docs
EarlySalty/Deadlock-2nd-Brain,internal_knowledge,required_if_present,01/03,not_verified_in_s13,,not_verified,not_approved,unverified,unverified,unverified,owner_01_03_inventory_required;no_private_documents_exported,https://github.com/EarlySalty/Deadlock-2nd-Brain
EarlySalty/Deadlock-Twitch-Bot,consumer,required_if_present,01/09,not_verified_in_s13,,not_verified,not_approved,unverified,unverified,unverified,owner_01_09_consumer_contract_and_acl_tests_required,https://github.com/EarlySalty/Deadlock-Twitch-Bot
EarlySalty/Deadlock-Bots,consumer_publish,required_if_present,01/09,not_verified_in_s13,,not_verified,not_approved,unverified,unverified,unverified,owner_01_09_publication_and_acl_tests_required,https://github.com/EarlySalty/Deadlock-Bots
