combat-tests-wip	0	/home/nathanael/.local/bin/cargo-slot test --manifest-path /home/nathanael/.worktrees/brain-g-v2-20261007/rust/Cargo.toml --package dbrain-reasoner --lib --locked --offline --jobs 3 --target-dir /tmp/brain-g-m-0645-target combat::tests -- --include-ignored --test-threads=1 --nocapture
deadline-tests-wip	0	/home/nathanael/.local/bin/cargo-slot test --manifest-path /home/nathanael/.worktrees/brain-g-v2-20261007/rust/Cargo.toml --package brain-contracts --lib --locked --offline --jobs 3 --target-dir /tmp/brain-g-m-0645-target deadline::tests -- --include-ignored --test-threads=1 --nocapture
compiler-wip	0	/home/nathanael/.local/bin/cargo-slot check --manifest-path /home/nathanael/.worktrees/brain-g-v2-20261007/rust/Cargo.toml --package dbrain-reasoner --package brain-contracts --all-targets --locked --offline --jobs 3 --target-dir /tmp/brain-g-m-0645-target
clippy-wip	0	/home/nathanael/.local/bin/cargo-slot clippy --manifest-path /home/nathanael/.worktrees/brain-g-v2-20261007/rust/Cargo.toml --package dbrain-reasoner --package brain-contracts --all-targets --locked --offline --jobs 3 --target-dir /tmp/brain-g-m-0645-target -- -D warnings
formatcheck-wip	0	/home/nathanael/.local/bin/cargo-slot fmt --manifest-path /home/nathanael/.worktrees/brain-g-v2-20261007/rust/Cargo.toml --package dbrain-reasoner --package brain-contracts -- --check
combat-tests-committed	0	/home/nathanael/.local/bin/cargo-slot test --manifest-path /home/nathanael/.worktrees/brain-g-checkpoints-20261007/rust/Cargo.toml --package dbrain-reasoner --lib --locked --offline --jobs 3 --target-dir /tmp/brain-g-m-0645-target combat::tests -- --include-ignored --test-threads=1 --nocapture
tests-committed-all	101	/home/nathanael/.local/bin/cargo-slot test --manifest-path /home/nathanael/.worktrees/brain-g-checkpoints-20261007/rust/Cargo.toml --package dbrain-reasoner --package brain-contracts --all-targets --locked --offline --jobs 3 --target-dir /tmp/brain-g-m-0645-target -- --include-ignored --test-threads=1 --nocapture
compiler-committed	0	/home/nathanael/.local/bin/cargo-slot check --manifest-path /home/nathanael/.worktrees/brain-g-checkpoints-20261007/rust/Cargo.toml --package dbrain-reasoner --package brain-contracts --all-targets --locked --offline --jobs 3 --target-dir /tmp/brain-g-m-0645-target
clippy-committed	0	/home/nathanael/.local/bin/cargo-slot clippy --manifest-path /home/nathanael/.worktrees/brain-g-checkpoints-20261007/rust/Cargo.toml --package dbrain-reasoner --package brain-contracts --all-targets --locked --offline --jobs 3 --target-dir /tmp/brain-g-m-0645-target -- -D warnings
formatcheck-committed	0	/home/nathanael/.local/bin/cargo-slot fmt --manifest-path /home/nathanael/.worktrees/brain-g-checkpoints-20261007/rust/Cargo.toml --package dbrain-reasoner --package brain-contracts -- --check
tests-baseline-all	101	/home/nathanael/.local/bin/cargo-slot test --manifest-path /home/nathanael/.worktrees/brain-g-checkpoints-20261007/rust/Cargo.toml --package dbrain-reasoner --package brain-contracts --all-targets --locked --offline --jobs 3 --target-dir /tmp/brain-g-m-0645-target -- --include-ignored --test-threads=1 --nocapture
tests-baseline-all	101	/home/nathanael/.local/bin/cargo-slot test --manifest-path /home/nathanael/.worktrees/brain-g-checkpoints-20261007/rust/Cargo.toml --package dbrain-reasoner --package brain-contracts --all-targets --locked --offline --jobs 3 --target-dir /tmp/brain-g-m-0645-target -- --include-ignored --test-threads=1 --nocapture
